name,location,cuisines,cost_for_two,rating,cost_indication,best_for,highlights,reasons
Jalsa,Banashankari,"North Indian, Mughlai",1200,4.2,Moderate,"Family Meal,Authentic flavors","Traditional recipes,Great ambiance,Family-friendly"
Spice Elephant,Banashankari,"Chinese, North Indian, Thai",800,3.8,Budget-friendly,"Family Meal","Great value,Authentic flavors","Traditional recipes,Vegetarian options,Quick service"
San Churro Cafe,Banashankari,"Cafe, Mexican, Italian",600,4.0,Budget-friendly,"Quick Bite","Cozy atmosphere,Good coffee,Quick service"
Bella Italia,Banashankari,"Italian",1500,4.5,Moderate,"Date Night","Perfect Italian cuisine match,Excellent rating","Authentic pasta,Wine selection,Cozy atmosphere"
Toit,Banashankari,"Continental, Asian",1800,4.7,Premium,"Business Lunch","Modern ambiance,Great views,Professional service"
Meghana Foods,Banashankari,"North Indian",900,4.1,Budget-friendly,"Family Meal","Traditional taste,Good portions,Family-friendly"
Truffles,Banashankari,"Continental, European",2000,4.8,Fine Dining,"Date Night","Elegant setting,European cuisine,Fine dining experience"
Empire Restaurant,Banashankari,"North Indian, Chinese",1100,4.3,Moderate,"Casual Dining","Large portions,Good value,Quick service"
Chai Point,Banashankari,"Cafe",400,3.9,Budget-friendly,"Quick Bite","Good tea,Quick snacks,Casual atmosphere"
Barbeque Nation,Banashankari,"North Indian, Mughlai",1300,4.4,Moderate,"Family Meal","Grilled specialties,Good ambiance,Family-friendly"
Mainland China,Banashankari,"Chinese, Thai",1000,4.2,Budget-friendly,"Family Meal","Authentic Chinese,Good portions,Reasonable prices"
Punjab Grill,Banashankari,"North Indian",1400,4.6,Moderate,"Casual Dining","Punjabi cuisine,Good spices,Generous portions"
Cafe Coffee Day,Banashankari,"Cafe",500,3.7,Budget-friendly,"Quick Bite","Good coffee,Light meals,Modern atmosphere"
The Oberoi,Banashankari,"Continental, Indian",2500,4.9,Fine Dining,"Business Lunch,Luxury dining","Excellent service,Premium experience"
Taj Bengaluru,Banashankari,"North Indian, Continental",2200,4.8,Premium,"Celebration","Luxury ambiance,Fine dining,Excellent service"
Karavalli,Banashankari,"North Indian",1600,4.5,Moderate,"Date Night","Regional specialties,Good ambiance,Authentic flavors"
The Only Place,Banashankari,"Continental, Asian",1900,4.6,Premium,"Casual Dining","Unique menu,Good food,Creative atmosphere"
Fenny's Lounge,Banashankari,"Cafe, Continental",800,4.0,Budget-friendly,"Quick Bite","Good drinks,Casual atmosphere,Live music"
Smoke House Deli,Banashankari,"Continental, American",700,4.1,Budget-friendly,"Quick Bite","Good sandwiches,Quick service,Casual dining"
The White Room,Banashankari,"Italian, European",1800,4.7,Premium,"Date Night","Italian cuisine,Good wine,Elegant atmosphere"
The Black Sheep,Banashankari,"Continental, Asian",1200,4.3,Moderate,"Casual Dining","Fusion cuisine,Good portions,Reasonable prices"
The Fat Chef,Banashankari,"Continental, American",900,4.4,Moderate,"Family Meal","Hearty portions,Good flavors,Casual atmosphere"
The 13th Floor,Banashankari,"Continental, Asian",1700,4.5,Moderate,"Business Lunch","Rooftop dining,Good views,Professional service"
The Biere Club,Banashankari,"Continental, European",1400,4.2,Moderate,"Casual Dining","Good beer,European food,Casual atmosphere"
The Glass House,Banashankari,"Continental, Indian",1100,4.3,Moderate,"Family Meal","Good Indian food,Reasonable prices,Family-friendly"
The Barking Dog,Banashankari,"Continental, British",800,4.0,Budget-friendly,"Quick Bite","British food,Good portions,Casual atmosphere"
The Monkey Bar,Banashankari,"Continental, Asian",1000,4.1,Budget-friendly,"Quick Bite","Asian fusion,Good drinks,Casual atmosphere"
The Rabbit Hole,Banashankari,"Continental, American",600,3.9,Budget-friendly,"Quick Bite","American food,Good portions,Casual atmosphere"
The Fox Lounge,Banashankari,"Continental, European",1300,4.2,Moderate,"Casual Dining","European cuisine,Good wine,Elegant atmosphere"
The Deer Park,Banashankari,"Continental, Indian",1500,4.4,Moderate,"Family Meal","Good Indian food,Reasonable prices,Family-friendly"
The Bear Garden,Banashankari,"Continental, Asian",1200,4.3,Moderate,"Casual Dining","Asian fusion,Good portions,Reasonable prices"
The Wolf's Den,Banashankari,"Continental, American",1100,4.2,Moderate,"Casual Dining","American food,Good portions,Casual atmosphere"
The Eagle's Nest,Banashankari,"Continental, European",1600,4.5,Moderate,"Business Lunch","European cuisine,Good views,Professional service"
The Lion's Share,Banashankari,"Continental, Indian",1400,4.3,Moderate,"Family Meal","Good Indian food,Reasonable prices,Family-friendly"
