name,location,cuisines,cost_for_two,rating
Jalsa,banashankari,"north indian, mughlai, chinese",,
Spice Elephant,banashankari,"chinese, north indian, thai",,
San Churro Cafe,banashankari,"cafe, mexican, italian",,
Addhuri Udupi Bhojana,banashankari,"south indian, north indian",,
Grand Village,basavanagudi,"north indian, rajasthani",,
Timepass Dinner,basavanagudi,north indian,,
Rosewood International Hotel - Bar & Restaurant,mysore road,"north indian, south indian, andhra, chinese",,
Onesta,banashankari,"pizza, cafe, italian",,
Penthouse Cafe,banashankari,"cafe, italian, continental",,
Smacznego,banashankari,"cafe, mexican, italian, momos, beverages",,
CafÃÂÃÂÃÂÃÂÃÂÃÂÃÂÃÂ© Down The Alley,banashankari,cafe,,
Cafe Shuffle,banashankari,"cafe, italian, continental",,
The Coffee Shack,banashankari,"cafe, chinese, continental, italian",,
Caf-Eleven,banashankari,"cafe, continental",,
San Churro Cafe,banashankari,"cafe, mexican, italian",,
Cafe Vivacity,banashankari,cafe,,
Catch-up-ino,banashankari,"cafe, fast food, continental, chinese, momos",,
Kirthi's Biryani,banashankari,"chinese, cafe, italian",,
T3H Cafe,banashankari,"cafe, italian, american",,
360 Atoms Restaurant And Cafe,banashankari,"cafe, chinese, continental, italian",,
The Vintage Cafe,banashankari,"cafe, french, north indian",,
Woodee Pizza,banashankari,"cafe, pizza, fast food, beverages",,
Cafe Coffee Day,banashankari,"cafe, fast food",,
My Tea House,banashankari,"italian, fast food, cafe, european",,
Hide Out Cafe,banashankari,cafe,,
CAFE NOVA,banashankari,"cafe, bakery",,
Coffee Tindi,banashankari,"cafe, south indian",,
Sea Green Cafe,banashankari,"cafe, fast food, beverages",,
Cuppa,banashankari,"cafe, fast food",,
Srinathji's Cafe,basavanagudi,"north indian, cafe, chinese, fast food",,
Redberrys,basavanagudi,"cafe, italian",,
Foodiction,banashankari,"north indian, fast food, chinese, burger",,
Sweet Truth,banashankari,"bakery, desserts",,
Ovenstory Pizza,banashankari,pizza,,
Faasos,banashankari,"north indian, biryani, fast food",,
Behrouz Biryani,banashankari,biryani,,
Fast And Fresh,banashankari,"north indian, chinese, fast food",,
Szechuan Dragon,banashankari,"chinese, thai, momos",,
Empire Restaurant,jayanagar,"north indian, mughlai, south indian, chinese",,
Maruthi Davangere Benne Dosa,banashankari,south indian,,
Chaatimes,basavanagudi,"street food, fast food",,
Havyaka Mess,banashankari,south indian,,
McDonald's,banashankari,"burger, fast food",,
Domino's Pizza,banashankari,"pizza, fast food",,
Onesta,banashankari,"pizza, cafe, italian",,
Hotboxit,banashankari,"north indian, continental, italian",,
Kitchen Garden,kumaraswamy layout,"north indian, chinese",,
Recipe,kumaraswamy layout,"north indian, chinese, biryani, rolls",,
Beijing Bites,rajarajeshwari nagar,"chinese, thai",,
Tasty Bytes,kumaraswamy layout,"north indian, chinese, momos, rolls",,
Petoo,banashankari,north indian,,
Shree Cool Point,vijay nagar,"fast food, street food, beverages",,
Corner House Ice Cream,banashankari,"ice cream, desserts",,
Biryanis And More,jayanagar,"biryani, north indian, chinese, andhra, south indian",,
Roving Feast,banashankari,"italian, continental, fast food, chinese, momos",,
FreshMenu,banashankari,"healthy food, chinese, biryani, north indian, continental, salad, american, burger",,
Banashankari Donne Biriyani,banashankari,"biryani, fast food",,
Wamama,banashankari,"asian, korean, indonesian, japanese, chinese, thai, momos",,
Five Star Chicken,banashankari,"fast food, burger",,
XO Belgian Waffle,banashankari,"desserts, beverages",,
Peppy Peppers,banashankari,"italian, north indian, mexican",,
Goa 0 Km,kumaraswamy layout,"goan, seafood, north indian, chinese, biryani",,
Chinese Kitchen,basavanagudi,chinese,,
1947,banashankari,"north indian, chinese",,
Cake of the Day,banashankari,bakery,,
Kabab Magic,basavanagudi,"north indian, kebab, chinese, fast food",,
Namma Brahmin's Idli,jayanagar,south indian,,
Gustoes Beer House,banashankari,"continental, italian, mexican, north indian, chinese, steak",,
Sugar Rush,banashankari,"bakery, desserts",,
Burger King,basavanagudi,"burger, fast food, beverages",,
The Good Bowl,banashankari,"italian, north indian, biryani",,
The Biryani Cafe,banashankari,"biryani, chinese, kebab",,
Spicy Tandoor,banashankari,north indian,,
LSD Cafe,banashankari,"chinese, continental, italian, north indian",,
Rolls On Wheels,banashankari,"fast food, rolls, momos",,
Om Sri Vinayaka Chats,banashankari,"street food, fast food",,
Sri Guru Kottureshwara Davangere Benne Dosa,basavanagudi,south indian,,
Devanna Dum Biriyani Centre,banashankari,"biryani, south indian",,
Kolbeh,banashankari,fast food,,
Upahar Sagar,banashankari,"south indian, chinese, north indian",,
Kadalu Sea Food Restaurant,vijay nagar,"seafood, north indian, chinese, andhra, biryani, kebab",,
Frozen Bottle,banashankari,"beverages, desserts, ice cream",,
Parimala Sweets,banashankari,"mithai, street food",,
Vaishali Deluxe,banashankari,"north indian, chinese",,
Chill Out,banashankari,"south indian, chinese",,
The Big O Bakes,banashankari,"bakery, desserts",,
Meghana Foods,jayanagar,"biryani, north indian, chinese",,
Krishna Sagar,banashankari,north indian,,
Dessert Rose,banashankari,desserts,,
Chickpet Donne Biryani House,banashankari,biryani,,
Me And My Cake,banashankari,"bakery, desserts",,
Sunsadm,banashankari,south indian,,
Annapooraneshwari Mess,banashankari,south indian,,
Thanco's Natural Ice Creams,banashankari,ice cream,,
Nandhini Deluxe,banashankari,north indian,,
Vi Ra's Bar and Restaurant,banashankari,"south indian, north indian, chinese",,
Kaggis,banashankari,"fast food, bakery",,
Ayda Persian Kitchen,banashankari,"north indian, iranian",,
Chatar Patar,banashankari,"fast food, street food",,
Polar Bear,basavanagudi,"ice cream, desserts, beverages, sandwich",,
Kidambi's Kitchen,banashankari,south indian,,
Mane Thindi,banashankari,south indian,,
Kotian Karavali Restaurant,banashankari,"south indian, biryani",,
Floured-Baked With Love,banashankari,bakery,,
CAFE NOVA,banashankari,"cafe, bakery",,
Cakes & Slices,banashankari,"bakery, desserts",,
Spice 9,banashankari,"biryani, north indian, chinese, fast food",,
Coffee Shopee,banashankari,beverages,,
Naveen Kabab & Biriyani Mane,banashankari,biryani,,
Katriguppe Donne Biryani,banashankari,north indian,,
Hari Super Sandwich,banashankari,"sandwich, pizza, beverages",,
Atithi Point Ande Ka Funda,banashankari,north indian,,
Just Bake,banashankari,"bakery, desserts",,
Dharwad Line Bazaar Mishra Pedha,banashankari,mithai,,
Cake Bite,banashankari,bakery,,
Aarush's Food Plaza,banashankari,"north indian, street food",,
Wood Stove,banashankari,south indian,,
Kulfi & More,banashankari,"ice cream, desserts, juices",,
Kannadigas Karavali,banashankari,"mangalorean, south indian, north indian",,
K27 - The Pub,banashankari,"chinese, north indian",,
Bengaluru Coffee House,banashankari,"south indian, north indian, chinese, street food",,
New Mangalore Lunch Home,banashankari,"mangalorean, south indian, north indian",,
Coffee Bytes,banashankari,"fast food, south indian",,
Parjanya Chat Zone,banashankari,"street food, fast food",,
Kwality Wall's Swirl's Happiness Station,banashankari,"ice cream, desserts",,
Soms Kitchen & Bakes,banashankari,"south indian, north indian, continental",,
Banashankari Nati Style,banashankari,"biryani, chinese, south indian, north indian",,
Ruchi Maayaka,banashankari,south indian,,
Mohitesh Hut Roll,banashankari,"rolls, north indian",,
Sri Basaveshwar Jolada Rotti Oota,banashankari,south indian,,
Roll Magic Fast Food,banashankari,"biryani, rolls, chinese",,
Foodlieious Multi Cuisine,banashankari,north indian,,
Thanishka Nati And Karavali Style,banashankari,"biryani, fast food",,
Swathi Cool Point,banashankari,"beverages, juices",,
Kaumudis Juoice,banashankari,"beverages, fast food, juices",,
Amma - Manae,banashankari,south indian,,
Sri Sai Tiffannies,banashankari,"south indian, chinese",,
Hotel Andhra Speices,banashankari,andhra,,
Sri Murari Family Restaurant,banashankari,biryani,,
Aramane Donne Biriyani,banashankari,"south indian, biryani",,
Darkolates,banashankari,desserts,,
Swaada Healthy Kitchen,banashankari,"healthy food, juices, sandwich",,
Gawdaru Mane Beriyani,banashankari,"south indian, biryani",,
Melting Melodies,banashankari,"pizza, fast food",,
New Indraprasta,banashankari,"south indian, beverages",,
Anna Kuteera,banashankari,"south indian, north indian, chinese",,
Darbar,banashankari,"north indian, chinese",,
Vijayalakshmi,basavanagudi,south indian,,
Sri Udupi Food Hub,jayanagar,"south indian, north indian, chinese, beverages",,
Udupi Upahar,banashankari,"south indian, chinese, north indian, juices",,
House Of Kebabs,basavanagudi,"north indian, kebab, biryani, chinese",,
Roll N Rock,kumaraswamy layout,"chinese, north indian, mughlai, rolls",,
BOX8- Desi Meals,banashankari,"north indian, mughlai, fast food",,
KFC,banashankari,"burger, fast food",,
Bitez,banashankari,fast food,,
Roll Over,jayanagar,"desserts, ice cream, beverages, fast food, sandwich",,
Imperial Restaurant,mysore road,"north indian, chinese, biryani, beverages",,
Lassi Shop,kumaraswamy layout,"beverages, juices, ice cream",,
The Fortuna,kumaraswamy layout,"north indian, chinese",,
Wahab,jayanagar,"north indian, mughlai, chinese",,
Al Diwan Biryanis And More,basavanagudi,biryani,,
New Gowda's Fried Chicken,banashankari,biryani,,
Canton,jayanagar,"chinese, seafood, biryani",,
Diabetics Dezire Sugarless Sweets and Bakes,basavanagudi,"desserts, mithai",,
The Blue Wagon - Kitchen,jayanagar,"cafe, beverages",,
HOT COFFEE,basavanagudi,"south indian, chinese",,
Patio 805,jayanagar,"thai, vietnamese, asian, chinese",,
Lassi Corner,basavanagudi,"beverages, ice cream",,
Sagar Deluxe,kumaraswamy layout,"south indian, north indian, chinese, juices",,
Kanti Sweets,banashankari,"mithai, street food",,
Vegetalia,banashankari,"italian, pizza",,
Aramane Donne Biryani,banashankari,biryani,,
Ande Ka Funda,banashankari,"north indian, fast food, rolls",,
Cake Ghar,basavanagudi,bakery,,
Energy Addaa,basavanagudi,"salad, healthy food, sandwich, juices, burger, desserts, pizza",,
Bhattara Bhojana,banashankari,south indian,,
Tandoori Knight,banashankari,"north indian, chinese, biryani, kebab",,
Dev Sagar - Food Street,basavanagudi,street food,,
Mitraa Da Pizza,kumaraswamy layout,"fast food, pizza",,
Paradise Premium,banashankari,"biryani, andhra, hyderabadi, north indian",,
Grazers,jayanagar,"cafe, burger, continental, italian, desserts",,
Shakes Theory,jayanagar,"beverages, sandwich",,
@Italy,kumaraswamy layout,italian,,
Chilli Flakes,banashankari,"fast food, italian, beverages",,
Calcutta Cafe,kumaraswamy layout,"bengali, chinese, sandwich",,
Old Mumbai Ice Cream,banashankari,ice cream,,
Donne Biriyani House,banashankari,"south indian, north indian, chinese, biryani",,
By 2 Coffee,basavanagudi,south indian,,
Kedia's Fun Food,jayanagar,"north indian, street food, juices",,
Davangere Butter Dosa Hotel,kumaraswamy layout,south indian,,
Just Shawarma,kumaraswamy layout,arabian,,
Mini Punjabi Dhaba,banashankari,north indian,,
Mulabagilu Dosa,basavanagudi,south indian,,
CafÃÂÃÂÃÂÃÂÃÂÃÂÃÂÃÂ© Down The Alley,banashankari,cafe,,
Gokul Veg,basavanagudi,"north indian, chinese, beverages",,
Olive - Era,kumaraswamy layout,"bbq, arabian, rolls, chinese, north indian, juices, kebab, desserts",,
Udupi Ruchi,banashankari,"south indian, north indian, chinese, street food",,
Madhappa Hindu Military Hotel,banashankari,south indian,,
Gama Gama,banashankari,south indian,,
The Vintage Cafe,banashankari,"cafe, french, north indian",,
Pizza Hut,banashankari,"pizza, fast food",,
Mangalore Pearl,jayanagar,"mangalorean, seafood, chinese, biryani",,
Asha Sweets Centre,basavanagudi,fast food,,
Twiststick House,basavanagudi,"continental, fast food, street food, momos",,
Cool Corner,basavanagudi,"street food, fast food",,
Pizza Mane,banashankari,"pizza, sandwich, burger, fast food",,
Dal Tadkaa,banashankari,north indian,,
Chutney Chang,jayanagar,"north indian, chinese, bbq",,
Mystique Palate,jayanagar,"chinese, fast food",,
Thamboola,banashankari,"north indian, chinese, continental",,
Castle Rock,uttarahalli,"north indian, chinese",,
Vietnamese Kitchen,banashankari,vietnamese,,
Smacznego,banashankari,"cafe, mexican, italian, momos, beverages",,
C Corner,kumaraswamy layout,"fast food, street food",,
Paratha Merchant,kumaraswamy layout,north indian,,
North Rasoe,kumaraswamy layout,"north indian, chinese, biryani, kebab",,
Inchara Restaurant,basavanagudi,"north indian, chinese",,
Toscano,jayanagar,"italian, salad",,
Lord Of The Kitchen,kumaraswamy layout,"north indian, chinese",,
Stoned Monkey,banashankari,"desserts, ice cream",,
Central Jail Restaurant,jayanagar,"andhra, seafood, north indian, chinese",,
Bella,jayanagar,"mangalorean, seafood, south indian",,
Vennela Andhra Meals,jayanagar,andhra,,
New Prashanth Hotel,jayanagar,"south indian, biryani, chinese, north indian",,
The Grillo,jayanagar,"south indian, arabian, chinese, north indian, seafood, mangalorean",,
Re Malnad Nati Style Hotel,jp nagar,south indian,,
Karma Kaapi,jayanagar,"beverages, tea",,
Tiwari's,jayanagar,"north indian, street food",,
Pizza Stop,basavanagudi,"pizza, italian",,
Biggies Burger 'n' More,kumaraswamy layout,"cafe, burger, beverages",,
Srinathji's Cafe,basavanagudi,"north indian, cafe, chinese, fast food",,
Kollapuri's,basavanagudi,"south indian, mangalorean",,
Sugar Stars Co,basavanagudi,"bakery, desserts",,
Bombay Kulfis,jp nagar,ice cream,,
Kadamba Classic,mysore road,south indian,,
RS Shiv Sagar,basavanagudi,"north indian, chinese, south indian, fast food, juices",,
Kholi Mane,basavanagudi,"andhra, south indian, biryani, north indian",,
Harshi Super Sandwich,basavanagudi,"fast food, street food",,
Cake Yard,basavanagudi,desserts,,
Rosewood International Hotel - Bar & Restaurant,mysore road,"north indian, south indian, andhra, chinese",,
Sri Udupi Veg,jayanagar,south indian,,
Cake Art,basavanagudi,bakery,,
Aahar Cafe,basavanagudi,south indian,,
Akash Gowdru Biryani Center,uttarahalli,"north indian, chinese",,
New Sri Udupi Restaurant,jayanagar,"north indian, south indian, chinese, beverages, fast food",,
Potato House,uttarahalli,street food,,
Hotel Biriyani Counter,vijay nagar,"north indian, chinese, biryani",,
Matru Sagar,mysore road,"south indian, north indian",,
Ugadi,jayanagar,"north indian, chinese, biryani, andhra, mangalorean",,
Sri Krishna Sweets,basavanagudi,"mithai, desserts",,
In Time Cane Juice,kumaraswamy layout,"juices, beverages",,
Subway,banashankari,"salad, fast food",,
Daal Roti,kumaraswamy layout,"north indian, chinese",,
The Lassi Park,jayanagar,"juices, desserts",,
Cafe Coffee Day,jayanagar,"cafe, fast food",,
A2B - Adyar Ananda Bhavan,mysore road,"south indian, north indian, chinese, street food",,
Srikrishna Bhavan,banashankari,"south indian, north indian, chinese",,
Timepass Dinner,basavanagudi,north indian,,
Green Gardenia,banashankari,"north indian, chinese",,
J Spice,banashankari,"north indian, chinese",,
Karavali Family Restaurant,jayanagar,"seafood, biryani, south indian, north indian, chinese",,
Karavali Lunch Home,kumaraswamy layout,"south indian, mangalorean",,
Hatti Kaapi,jayanagar,"south indian, beverages",,
Kolkata Kathi Roll's,banashankari,"fast food, rolls",,
Upahara Darshini,basavanagudi,"north indian, chinese, south indian, fast food",,
The Chaat Shop,basavanagudi,fast food,,
Anda Ka Funda,jayanagar,"north indian, chinese, rolls",,
Shri Vinayaka Ice N Juice,basavanagudi,"beverages, fast food",,
My Tea House,banashankari,"italian, fast food, cafe, european",,
Ibaco,jayanagar,desserts,,
Jalaram Sweets,jayanagar,"desserts, mithai",,
Samskruti - Sanman Gardenia,jayanagar,"north indian, chinese, south indian",,
Bendakaluru Bytes,vijay nagar,fast food,,
Cocoa Bakes,banashankari,"bakery, desserts",,
Chumma Delicious,banashankari,"south indian, fast food",,
New Prashanth Hotel,banashankari,"biryani, north indian, seafood, andhra",,
SSV Upahar,jayanagar,"south indian, chinese",,
Dwaraka Grand,kumaraswamy layout,"south indian, chinese, street food, juices",,
Gufha - The President Hotel,jayanagar,"north indian, afghani, mughlai",,
Cafe Vivacity,banashankari,cafe,,
Tanna's Kitchen,kumaraswamy layout,"italian, chinese, street food",,
Shree Mandarathi Grand,uttarahalli,"south indian, north indian",,
Mojo Pizza - 2X Toppings,banashankari,pizza,,
Iceberg Icecreams,basavanagudi,"desserts, ice cream",,
South Kitchen,basavanagudi,south indian,,
Chung Wah,jayanagar,"chinese, thai, momos",,
Shanthi Sagar,uttarahalli,"south indian, north indian, chinese",,
Millet Mama,basavanagudi,"south indian, healthy food",,
Bangarpet Chat Express,basavanagudi,"street food, fast food",,
South Cool Point,basavanagudi,beverages,,
Prems Graama Bhojanam,jayanagar,south indian,,
Java City,jayanagar,"cafe, american, pizza",,
Kamat Bugle Rock,basavanagudi,"south indian, fast food",,
Woodee Pizza,banashankari,"cafe, pizza, fast food, beverages",,
Puliyogare Point,basavanagudi,south indian,,
Bangalore Agarwal Bhavan,jayanagar,"street food, north indian, south indian",,
Rustic Stove,jayanagar,"north indian, south indian, biryani, beverages",,
Udupi Ruchi Grand,banashankari,"south indian, north indian, chinese, street food",,
De Thaali,jayanagar,"north indian, chinese, rolls",,
Spice Elephant,banashankari,"chinese, north indian, thai",,
Just Thindi,basavanagudi,south indian,,
Matru Sagar,banashankari,"south indian, north indian, chinese",,
Vasanth Vihar - Since 1965,banashankari,"south indian, street food",,
Sea Spice by 7 Star,banashankari,"seafood, biryani, beverages, south indian, north indian, kebab",,
Desi Dawat,kumaraswamy layout,"north indian, fast food",,
Cafe Aira,basavanagudi,"cafe, continental, beverages, desserts",,
Donne Biriyani combos,kumaraswamy layout,biryani,,
Penthouse Cafe,banashankari,"cafe, italian, continental",,
Mast Punjabi,kumaraswamy layout,"north indian, chinese, rolls, biryani, kebab",,
South Grand,uttarahalli,"south indian, north indian, chinese, beverages",,
Catch-up-ino,banashankari,"cafe, fast food, continental, chinese, momos",,
The Pizzeria,banashankari,"pizza, italian, salad",,
Cafe Zone,kumaraswamy layout,"fast food, chinese, rolls",,
Ruchis Point,banashankari,"fast food, chinese",,
Firangi Bake,rajarajeshwari nagar,"mexican, italian",,
The Royal Corner - Pai Viceroy,jayanagar,"north indian, chinese",,
Hara Fine Dine,banashankari,"north indian, chinese",,
Chocoberry,jayanagar,"ice cream, desserts, beverages",,
Dakshin Grand,banashankari,"south indian, north indian, chinese, street food",,
Sandwichwallas,jayanagar,fast food,,
Chai Mane,basavanagudi,"juices, fast food",,
SLV Upachar,kumaraswamy layout,"south indian, chinese, street food",,
Waffle-A-Go Go,banashankari,"fast food, desserts, ice cream",,
Cross Road Cafe,jayanagar,"cafe, fast food, chinese",,
Anand Donne Biriyani,jayanagar,biryani,,
Seven Star,banashankari,"north indian, chinese",,
Stop 'N' Joy,banashankari,fast food,,
Sri Yaksha Shiv Sagar,banashankari,"north indian, chinese",,
Fudge,basavanagudi,"desserts, momos",,
Just Bunny,jayanagar,fast food,,
Bakers Town,kumaraswamy layout,"cafe, continental, fast food",,
Shree Mahalakshmi Sweets,banashankari,"mithai, street food",,
Kaapi Kendra,jayanagar,south indian,,
Ivy,kumaraswamy layout,"north indian, chinese, fast food",,
The Airos,jayanagar,"cafe, italian, pizza",,
Chai Kraft,jayanagar,"beverages, tea",,
Kirthi's Biryani,banashankari,"chinese, cafe, italian",,
South Point Pub,basavanagudi,"north indian, seafood, chinese",,
The Trundle,jayanagar,"chinese, thai, continental, north indian",,
The Krishna Grand Xpress,jayanagar,"south indian, fast food",,
Sri Krishna Darshini,basavanagudi,"south indian, north indian, chinese",,
Shringar Sweets & Snacks,basavanagudi,"mithai, south indian, street food, fast food",,
Udupi Grand,basavanagudi,"south indian, north indian, chinese",,
Ganesh Grand,basavanagudi,"south indian, north indian, desserts",,
Shreyas Upahar & Burger Point,basavanagudi,"south indian, burger",,
Coffee Tindi,banashankari,"cafe, south indian",,
Little Cafe,basavanagudi,"cafe, beverages",,
Mumbai Badam Milk & Lassi Center,basavanagudi,"beverages, desserts",,
Sri Krishna Sagar,banashankari,"north indian, chinese",,
Mylari Biryani Family Restaurant,banashankari,"biryani, fast food",,
1980s Games Cafe,basavanagudi,"cafe, fast food",,
Kadala Tarangaa,banashankari,"mangalorean, seafood, north indian",,
Namma Biryani,banashankari,"biryani, chinese, north indian",,
Nandhanu's Rasoi,kumaraswamy layout,"chinese, north indian",,
Hotel Pork Paradise,mysore road,south indian,,
As On Fire,south bangalore,"pizza, fast food, bbq",,
J K Fish Land,jayanagar,"seafood, mangalorean",,
Curry Leaves,basavanagudi,"andhra, north indian, chinese",,
Lassi Shop,banashankari,"beverages, ice cream, fast food",,
Magic Meals,jayanagar,"fast food, desserts, beverages",,
Desi Cream Junction,jayanagar,"chinese, north indian, pizza, italian",,
Drunken Monkey,kumaraswamy layout,"beverages, fast food",,
Ruchi's Corner,banashankari,fast food,,
Tandoori Bytes,kumaraswamy layout,north indian,,
Bangalore Donne Biriyani,kumaraswamy layout,"south indian, biryani",,
SGS Non Veg - Gundu Pulav,banashankari,"biryani, fast food",,
Keventers,banashankari,"desserts, beverages, ice cream",,
Sree Sagar,banashankari,south indian,,
Navi Food Point,basavanagudi,fast food,,
Shawarma Inc,banashankari,"rolls, lebanese",,
The Cafe Nuts and Bolts,kumaraswamy layout,"cafe, fast food, chinese",,
AM WOW,jayanagar,beverages,,
Lalbagh Grand,basavanagudi,"south indian, north indian, chinese",,
Funjabi Curries,banashankari,north indian,,
Eat Repeat,basavanagudi,south indian,,
Salut,jayanagar,"continental, finger food, seafood, pizza",,
Nammura Donne Biriyani,basavanagudi,"biryani, fast food",,
Lassi Stop,banashankari,"beverages, fast food, juices",,
Dakshin Kitchen,basavanagudi,south indian,,
Sri Sai Cafe,basavanagudi,south indian,,
Sri Sai 99 Variety Dosa,banashankari,south indian,,
Utsav Restaurant,banashankari,"north indian, chinese",,
Crunch and Munch,uttarahalli,"chinese, street food, ice cream",,
Food Geek,basavanagudi,"sandwich, fast food, rolls",,
Sri Krishna Aramane,kumaraswamy layout,"south indian, north indian, chinese, fast food",,
Great Indian Rolls,basavanagudi,rolls,,
Chats Point,basavanagudi,"fast food, street food",,
Food Point,kumaraswamy layout,"north indian, chinese",,
Swarga Ruchi,basavanagudi,south indian,,
Kolkata King,basavanagudi,"fast food, rolls",,
Sandwich Mama's And Frozen Monster,jayanagar,"ice cream, beverages, fast food",,
New Rajadhani Spicy,kumaraswamy layout,north indian,,
Big Mishra Pedha,jayanagar,mithai,,
VEGeatz,banashankari,"south indian, north indian",,
Foodizo,banashankari,"desserts, fast food, continental",,
Food Springs,jayanagar,"south indian, chinese",,
Chung's Chinese Corner,jayanagar,chinese,,
Eurasia Pasta and Barbeque by Little Italy,jayanagar,"italian, fast food, salad, bbq",,
Goli Vada Pav No. 1,basavanagudi,street food,,
Ragoo's,jayanagar,"italian, pizza, north indian, salad",,
Pure & Natural,jayanagar,"fast food, continental, beverages, salad, healthy food",,
Maiyas,jayanagar,"north indian, south indian, fast food, juices",,
Sip n Dine,vijay nagar,"north indian, chinese, south indian",,
Cafe Mondo,basavanagudi,"cafe, italian, beverages",,
Jalpaan,jayanagar,"north indian, continental",,
Kataria's Pakwan,kumaraswamy layout,north indian,,
Juicy Momos,banashankari,"tibetan, momos",,
Amande Patisserie,basavanagudi,"bakery, french, desserts",,
Anand Sweets and Savouries,jayanagar,"mithai, street food",,
Chicken Hunt,banashankari,"south indian, north indian, chinese, biryani",,
Swadesh Tadka,banashankari,"north indian, chinese, beverages",,
Cane-O-La,basavanagudi,juices,,
New Biryani Mane,uttarahalli,"north indian, chinese, biryani, south indian",,
Upahara Darshini,jayanagar,"south indian, north indian, chinese",,
Karnataka Bhel House,basavanagudi,street food,,
Sreeraj Lassi Bar,jayanagar,beverages,,
Juice Junction Food Court,basavanagudi,"juices, south indian, chinese, fast food",,
Bunt's Biriyani Palace,banashankari,"north indian, south indian, chinese, biryani, seafood",,
Chai Point,jayanagar,"tea, beverages, fast food",,
Janahaar,banashankari,south indian,,
Redberrys,basavanagudi,"cafe, italian",,
Utsav,banashankari,"north indian, street food",,
Meat And Eat,banashankari,"fast food, burger",,
Snacks Bite,kumaraswamy layout,"fast food, momos",,
The Spice Saga,kumaraswamy layout,"biryani, north indian, chinese, seafood",,
Dakshin Cafe,kumaraswamy layout,south indian,,
Mr. Parathewala,jayanagar,north indian,,
Kaulige Millet Corner,basavanagudi,"healthy food, south indian",,
Ifruit Ice Cream,kumaraswamy layout,"desserts, ice cream",,
Havmor,basavanagudi,"ice cream, desserts",,
Grand Food,banashankari,"south indian, bakery, chinese",,
Dining Hut,kumaraswamy layout,"north indian, chinese, south indian",,
7 Hills Garden Restaurant,banashankari,"north indian, mughlai, chinese",,
Desi Swaad,kumaraswamy layout,north indian,,
Yummy Momos,kumaraswamy layout,"momos, tibetan, chinese",,
Masale Daan,banashankari,north indian,,
Sri Manjunatha Tandoori Corner,uttarahalli,mughlai,,
Grow Fit,jp nagar,"healthy food, north indian, thai",,
Cutcakes,kumaraswamy layout,bakery,,
Sandwich Hub,jayanagar,"fast food, sandwich",,
Healthy Bakes 'n' Brew,jayanagar,bakery,,
Udupi Sri Krishna Cafe,jayanagar,"north indian, south indian",,
Starlite Bakery & Fastfood,jayanagar,"north indian, chinese, rolls, bakery, arabian, charcoal chicken, desserts",,
Veganbreak24x7,city market,"south indian, chinese, continental, biryani",,
Aadhya Hotel,basavanagudi,"south indian, north indian, chinese, biryani",,
Dodda Mane Baaduta,banashankari,"north indian, south indian, chinese, biryani",,
Swadd Kitchen,basavanagudi,"north indian, fast food",,
Nandini Milk Parlour and Restaurant,mysore road,"sandwich, rolls, south indian, ice cream",,
Happy Chopsticks,basavanagudi,"chinese, fast food",,
Sai Super Sandwich,banashankari,"sandwich, beverages",,
Right Pizza,basavanagudi,pizza,,
Udupi Upachar,banashankari,"south indian, north indian",,
Davanagere Benne Dose Hut,banashankari,south indian,,
The Sip Shop,basavanagudi,"pizza, beverages, ice cream",,
Jalsa,banashankari,"north indian, mughlai, chinese",,
Subz,jayanagar,"north indian, south indian",,
Rajastani Rasoi,basavanagudi,north indian,,
Sri Banashankari Upahara,kumaraswamy layout,"north indian, south indian",,
Cafe Shuffle,banashankari,"cafe, italian, continental",,
Mint and Mustard,basavanagudi,"north indian, chinese",,
Chinese Square,basavanagudi,chinese,,
Hyderabad Express,banashankari,"hyderabadi, biryani, south indian, andhra, beverages",,
Punjabi Raswada,jayanagar,north indian,,
Vinny's,banashankari,"pizza, italian, continental, desserts",,
Chetty's Corner,uttarahalli,"fast food, burger, pizza",,
Kapoor's Cafe,jayanagar,north indian,,
Donne Biryani & Kabab Corner,kumaraswamy layout,"chinese, biryani",,
Sukh Sagar,jayanagar,"south indian, north indian, chinese, street food",,
S M V Snacks Corner,basavanagudi,fast food,,
Andhra Ruchulu,jayanagar,"andhra, biryani, north indian, chinese",,
The Samosa Co,jayanagar,"fast food, mithai",,
Steaming Mugs,basavanagudi,cafe,,
San Churro Cafe,banashankari,"cafe, mexican, italian",,
Rajathadri Food Fort,jayanagar,"south indian, north indian, chinese, street food",,
Brew Meister,jayanagar,"north indian, continental, finger food, american, asian",,
Rasoi,banashankari,"north indian, chinese",,
Mr. Singh Da Dhaba,kumaraswamy layout,"north indian, chinese",,
Kababs N Biryani,banashankari,south indian,,
Ayodhya Upachar,banashankari,"south indian, north indian, chinese, street food",,
Biriyani Mane,jayanagar,"north indian, biryani",,
Cafe Ajfan,jayanagar,"cafe, continental, beverages",,
Brundhavana Food Point,kumaraswamy layout,"south indian, north indian, chinese, street food, beverages",,
SLV Corner Restaurant,basavanagudi,"south indian, chinese, north indian, street food, rolls, juices",,
Biryani Royals Garden,kumaraswamy layout,"north indian, biryani, mughlai",,
Hotel New Karavali,banashankari,"mangalorean, south indian, north indian",,
The Krishna Grand,banashankari,"north indian, south indian, chinese, fast food, juices",,
360 Atoms Restaurant And Cafe,banashankari,"cafe, chinese, continental, italian",,
Roti Ghar,basavanagudi,"north indian, chinese, south indian",,
The Coffee Shack,banashankari,"cafe, chinese, continental, italian",,
Multi Snacky Hub,basavanagudi,fast food,,
Kettle & Kegs,banashankari,"tea, beverages",,
Baisakhi,basavanagudi,north indian,,
Corner House Ice Cream,banashankari,"ice cream, desserts",,
Poonam Sweets,banashankari,mithai,,
XO Belgian Waffle,banashankari,"desserts, beverages",,
Old Mumbai Ice Cream,banashankari,ice cream,,
Cake of the Day,banashankari,bakery,,
Amma's Pastries,banashankari,bakery,,
Kanti Sweets,banashankari,"mithai, street food",,
Sugar Rush,banashankari,"bakery, desserts",,
Polar Bear,banashankari,"ice cream, desserts, beverages, sandwich",,
San Churro Cafe,banashankari,"cafe, mexican, italian",,
Anand Sweets and Savouries,banashankari,"mithai, street food",,
Ibaco,banashankari,desserts,,
Kirthi's Biryani,banashankari,"chinese, cafe, italian",,
The Lassi and Juice Park,banashankari,"juices, desserts",,
Stoned Monkey,banashankari,"desserts, ice cream",,
Parimala Sweets,banashankari,"mithai, street food",,
The Big O Bakes,banashankari,"bakery, desserts",,
Shree Mahalakshmi Sweets,banashankari,"mithai, street food",,
Keventers,banashankari,"desserts, beverages, ice cream",,
Dessert Rose,banashankari,desserts,,
Thanco's Natural Ice Creams,banashankari,ice cream,,
Corner Stone,banashankari,"beverages, juices, desserts, italian",,
Kaggis,banashankari,"fast food, bakery",,
Cocoa Bakes,banashankari,"bakery, desserts",,
Floured-Baked With Love,banashankari,bakery,,
CAFE NOVA,banashankari,"cafe, bakery",,
Cakes & Slices,banashankari,"bakery, desserts",,
Arun Ice Cream,banashankari,"ice cream, desserts",,
Just Bake,banashankari,"bakery, desserts",,
Dharwad Line Bazaar Mishra Pedha,banashankari,mithai,,
Cake Bite,banashankari,bakery,,
Kwality Wall's Swirl's Happiness Station,banashankari,"ice cream, desserts",,
Melting Melodies,banashankari,bakery,,
Sweet N Swirl,banashankari,"desserts, ice cream",,
Me And My Cake,banashankari,"bakery, desserts",,
Mukesh Sweet Centre,banashankari,mithai,,
Darkolates,banashankari,desserts,,
Sai Super Sandwich,banashankari,"sandwich, beverages",,
Sweet Truth,banashankari,"bakery, desserts",,
Waffle-A-Go Go,banashankari,"fast food, desserts, ice cream",,
Gopi Ice Creams,banashankari,ice cream,,
Sri Venkateshwara Sweet Meat Stall,basavanagudi,"mithai, street food, north indian, chinese",,
Baskin Robbins,basavanagudi,"ice cream, desserts",,
Redberrys,basavanagudi,"cafe, italian",,
Amande Patisserie,basavanagudi,"bakery, french, desserts",,
Srinivasa Brahmins Bakery,basavanagudi,"bakery, street food",,
Jain Bakes,basavanagudi,"bakery, desserts",,
Cake Ghar,basavanagudi,bakery,,
KC Das - Sweet Spot,basavanagudi,"mithai, street food",,
Sugar Stars Co,basavanagudi,"bakery, desserts",,
Diabetics Dezire Sugarless Sweets and Bakes,basavanagudi,"desserts, mithai",,
Cake Yard,basavanagudi,desserts,,
Iceberg Icecreams,basavanagudi,"desserts, ice cream",,
A2B Veg - Adyar Ananda Bhavan,basavanagudi,"south indian, north indian, chinese, street food",,
Bombay Kulfis,jp nagar,ice cream,,
Sri Krishna Sweets,basavanagudi,"mithai, desserts",,
Cake Art,basavanagudi,bakery,,
Cakecraft,jayanagar,desserts,,
Asha Sweets Centre,basavanagudi,fast food,,
My Tea House,banashankari,"continental, asian, north indian, tea",,
The Krishna Grand,banashankari,"north indian, south indian, chinese, fast food, juices",,
Sea Spice by 7 Star,banashankari,"seafood, biryani, beverages, south indian, north indian, kebab",,
Mini Punjabi Dhaba,banashankari,north indian,,
Onesta,banashankari,"pizza, cafe, italian",,
Wamama,banashankari,"asian, korean, indonesian, japanese, chinese, thai, momos",,
Jalsa,banashankari,"north indian, mughlai, chinese",,
Vinny's,banashankari,"pizza, italian, continental, desserts",,
Jcubez,banashankari,finger food,,
Gustoes Beer House,banashankari,"continental, italian, mexican, north indian, chinese, steak",,
Penthouse Cafe,banashankari,"cafe, italian, continental",,
Spice Elephant,banashankari,"chinese, north indian, thai",,
Smacznego,banashankari,"cafe, mexican, italian, momos, beverages",,
CafÃÂÃÂÃÂÃÂÃÂÃÂÃÂÃÂ© Down The Alley,banashankari,cafe,,
Cafe Shuffle,banashankari,"cafe, italian, continental",,
The Coffee Shack,banashankari,"cafe, chinese, continental, italian",,
Peppy Peppers,banashankari,"italian, north indian, mexican",,
Anna Kuteera,banashankari,"south indian, north indian, chinese",,
Szechuan Dragon,banashankari,"chinese, thai, momos",,
1947,banashankari,"north indian, chinese",,
Caf-Eleven,banashankari,"cafe, continental",,
Thamboola,banashankari,"north indian, chinese, continental",,
Ferment,banashankari,continental,,
Havyaka Mess,banashankari,south indian,,
San Churro Cafe,banashankari,"cafe, mexican, italian",,
Cafe Vivacity,banashankari,cafe,,
Chung Wah,banashankari,"chinese, momos, thai, vietnamese",,
Vietnamese Kitchen,banashankari,vietnamese,,
Blue Wings Bar & Restaurant,banashankari,"north indian, chinese",,
Anand Sweets and Savouries,banashankari,"mithai, street food",,
Catch-up-ino,banashankari,"cafe, fast food, continental, chinese, momos",,
Kirthi's Biryani,banashankari,"chinese, cafe, italian",,
T3H Cafe,banashankari,"cafe, italian, american",,
Srikrishna Bhavan,banashankari,"south indian, north indian, chinese",,
Dal Tadkaa,banashankari,north indian,,
360 Atoms Restaurant And Cafe,banashankari,"cafe, chinese, continental, italian",,
New Imperial Restaurant,banashankari,"north indian, chinese",,
The Vintage Cafe,banashankari,"cafe, french, north indian",,
Green Gardenia,banashankari,"north indian, chinese",,
Parimala Sweets,banashankari,"mithai, street food",,
Vaishali Deluxe,banashankari,"north indian, chinese",,
Paradise Premium,banashankari,"biryani, andhra, hyderabadi, north indian",,
Kadala Tarangaa,banashankari,"mangalorean, seafood, north indian",,
My Tea House,banashankari,"continental, asian, north indian, tea",,
Vi Ra's Bar and Restaurant,banashankari,"south indian, north indian, chinese",,
Annapooraneshwari Mess,banashankari,south indian,,
Sri Yaksha Shiv Sagar,banashankari,"north indian, chinese",,
7 Hills Restaurant,banashankari,"north indian, south indian",,
Nandhini Deluxe,banashankari,north indian,,
Corner Stone,banashankari,"beverages, juices, desserts, italian",,
Karavali Fish Center,banashankari,"mangalorean, chinese",,
Ayda Persian Kitchen,banashankari,"north indian, iranian",,
J Spice,banashankari,"north indian, chinese",,
Swadesh Tadka,banashankari,"north indian, chinese, beverages",,
Iyer's Tiffin Centre,banashankari,"south indian, chinese",,
Kydz Adda,banashankari,continental,,
K27 - The Pub,banashankari,"chinese, north indian",,
Kotian Karavali Restaurant,banashankari,"south indian, biryani",,
Food Box Cafe,banashankari,"mughlai, north indian, chinese",,
Hide Out Cafe,banashankari,cafe,,
Linnet Bar & Restaurant,banashankari,"fast food, finger food",,
CAFE NOVA,banashankari,"cafe, bakery",,
Darbar,banashankari,"north indian, chinese",,
Sri Ganesh Juice and Chats,banashankari,"juices, street food",,
Manifest Cafe,banashankari,"south indian, north indian, chinese",,
Beijing Bites,banashankari,"chinese, thai",,
Karavali Lunch Home,banashankari,"south indian, north indian, seafood, mangalorean",,
The Pizzeria,banashankari,"pizza, italian, salad",,
Sri Krishna Sagar,banashankari,"north indian, chinese",,
Lassi Stop,banashankari,"beverages, fast food, juices",,
Banashankari Nati Style,banashankari,"biryani, chinese, south indian, north indian",,
Sea Green Cafe,banashankari,"cafe, fast food, beverages",,
Cafe Coffee Day,banashankari,"cafe, fast food",,
SLN Bar and Restaurant,banashankari,"north indian, chinese",,
Kaumudis Juoice,banashankari,"beverages, fast food, juices",,
Parijatha Paradise,banashankari,"south indian, north indian, fast food, chinese, street food",,
As On Fire,south bangalore,"pizza, fast food, bbq",,
Pizza Hut,banashankari,"pizza, fast food",,
New Prashanth Hotel,banashankari,"biryani, north indian, seafood, andhra",,
Taaza Thindi,banashankari,south indian,,
Hyderabad Express,banashankari,"hyderabadi, biryani, south indian, andhra, beverages",,
Ayodhya Upachar,banashankari,"south indian, north indian, chinese, street food",,
Petoo,banashankari,north indian,,
Roving Feast,banashankari,"italian, continental, fast food, chinese, momos",,
KFC,banashankari,"burger, fast food",,
Five Star Chicken,banashankari,"fast food, burger",,
Gama Gama,banashankari,south indian,,
Hotel New Karavali,banashankari,"mangalorean, south indian, north indian",,
Kaapi Corner,banashankari,south indian,,
McDonald's,banashankari,"burger, fast food",,
Sri Laxmi Venkateshwara Coffee Bar,banashankari,south indian,,
Bhattara Bhojana,banashankari,south indian,,
Davanagere Benne Dose Hut,banashankari,south indian,,
Utsav Restaurant,banashankari,"north indian, chinese",,
Messy Bowl,banashankari,"fast food, beverages",,
Devanna Dum Biriyani Centre,banashankari,"biryani, south indian",,
Janahaar,banashankari,south indian,,
Stop 'N' Joy,banashankari,fast food,,
Dodda Mane Baaduta,banashankari,"north indian, south indian, chinese, biryani",,
Chickpet Donne Biryani House,banashankari,biryani,,
Brahmin Cafe,banashankari,south indian,,
Chumma Delicious,banashankari,"south indian, fast food",,
Udupi Upachar,banashankari,"south indian, north indian",,
Bengaluru Coffee House,banashankari,"south indian, north indian, chinese, street food",,
Foodiction,banashankari,"north indian, fast food, chinese, burger",,
The Biryani Cafe,banashankari,"biryani, chinese, kebab",,
Spicy Tandoor,banashankari,north indian,,
Banashankari Donne Biriyani,banashankari,"biryani, fast food",,
Addhuri Udupi Bhojana,banashankari,"south indian, north indian",,
Vasanth Vihar - Since 1965,banashankari,"south indian, street food",,
Subway,banashankari,"salad, fast food",,
SGS Non Veg - Gundu Pulav,banashankari,"biryani, fast food",,
Udupi Ruchi Grand,banashankari,"south indian, north indian, chinese, street food",,
Hotel Mangala,banashankari,south indian,,
Simple Thindies,banashankari,south indian,,
Rolls On Wheels,banashankari,"fast food, rolls, momos",,
Chilli Flakes,banashankari,"fast food, italian, beverages",,
Kababs N Biryani,banashankari,south indian,,
Udupi Ruchi,banashankari,"south indian, north indian, chinese, street food",,
SLV Swadishta,banashankari,south indian,,
Kolbeh,banashankari,fast food,,
Kolkata Kathi Roll's,banashankari,"fast food, rolls",,
Mylari Biryani Family Restaurant,banashankari,"biryani, fast food",,
Upahar Sagar,banashankari,"south indian, chinese, north indian",,
Domino's Pizza,banashankari,"pizza, fast food",,
New Sagar Fast Food,banashankari,"north indian, south indian",,
Namma Biryani,banashankari,"biryani, chinese, north indian",,
Chill Out,banashankari,"south indian, chinese",,
Parama Ruchi,banashankari,"south indian, north indian, chinese, street food",,
Thrilok Restaurant,banashankari,"mangalorean, seafood",,
Meat And Eat,banashankari,"fast food, burger",,
Ande Ka Funda,banashankari,"north indian, fast food, rolls",,
Dakshin Grand,banashankari,"south indian, north indian, chinese, street food",,
Chicken Hunt,banashankari,"south indian, north indian, chinese, biryani",,
7 Hills Garden Restaurant,banashankari,"north indian, mughlai, chinese",,
Maruthi Davangere Benne Dosa,banashankari,south indian,,
Shri Guru Raghavendra Grand Veg,banashankari,"south indian, north indian, chinese",,
Pizza Stop,banashankari,"pizza, italian",,
Madhappa Hindu Military Hotel,banashankari,south indian,,
Krishna Sagar,banashankari,north indian,,
Hanumanthanagar Biryani Junction,banashankari,south indian,,
Faasos,banashankari,"north indian, biryani, fast food",,
Rasoi,banashankari,"north indian, chinese",,
SLV Refreshment,banashankari,south indian,,
Kaggis,banashankari,"fast food, bakery",,
Chatar Patar,banashankari,"fast food, street food",,
Seven Star,banashankari,"north indian, chinese",,
SVKP Daily Fresh,banashankari,south indian,,
Kidambi's Kitchen,banashankari,south indian,,
Ruchi's Corner,banashankari,fast food,,
Tandoori Knight,banashankari,"north indian, chinese, biryani, kebab",,
Utsav,banashankari,"north indian, street food",,
Mane Thindi,banashankari,south indian,,
Fast And Fresh,banashankari,"north indian, chinese, fast food",,
New Gowda's Fried Chicken,banashankari,biryani,,
Juicy Momos,banashankari,"tibetan, momos",,
Donne Biriyani House,banashankari,"south indian, north indian, chinese, biryani",,
Srinagar Kabab Corner,banashankari,north indian,,
Sri Venkateshwara Chat Centre,banashankari,street food,,
Vinay Bhel Corner,banashankari,street food,,
Spice 9,banashankari,"biryani, north indian, chinese, fast food",,
Roti Land,banashankari,north indian,,
Naveen Kabab & Biriyani Mane,banashankari,biryani,,
Nandi Chats and Juice,banashankari,street food,,
Atithi Point Ande Ka Funda,banashankari,north indian,,
Yaarub Hotel,banashankari,biryani,,
Aarush's Food Plaza,banashankari,"north indian, street food",,
Rotti Mane,banashankari,south indian,,
Karnataka Bhel House,banashankari,street food,,
Kannadigas Karavali,banashankari,"mangalorean, south indian, north indian",,
The Coorg Kitchen,banashankari,south indian,,
Just Shawarma,banashankari,arabian,,
Aramane Donne Biryani,banashankari,biryani,,
FOOD ADDA,banashankari,fast food,,
New Mangalore Lunch Home,banashankari,"mangalorean, south indian, north indian",,
Hotel Nisarga,banashankari,"north indian, south indian",,
Coffee Bytes,banashankari,"fast food, south indian",,
Parjanya Chat Zone,banashankari,"street food, fast food",,
Yo Roll Corner,banashankari,"street food, rolls",,
New Quality Dum Biryani,banashankari,biryani,,
Sri Lakshmi Kabab Center,banashankari,kebab,,
Cueferia A-Cafe,banashankari,"north indian, south indian, fast food, chinese, italian",,
Sri Basaveshwar Jolada Rotti Oota,banashankari,south indian,,
Dtink Lab,banashankari,"beverages, sandwich",,
Shree Udupi South kitchen,banashankari,south indian,,
Foodlieious Multi Cuisine,banashankari,north indian,,
Tasty Bites,banashankari,"fast food, pizza",,
Raams Chicken,banashankari,andhra,,
Panchami,banashankari,"north indian, chinese",,
Bangalore Kabab Palace,banashankari,"andhra, biryani",,
Hotel Andhra Speices,banashankari,andhra,,
Quality Dum Biriyani,banashankari,"biryani, kebab",,
Sri Murari Family Restaurant,banashankari,biryani,,
Taja Coffee,banashankari,south indian,,
Aramane Donne Biriyani,banashankari,"south indian, biryani",,
Swaada Healthy Kitchen,banashankari,"healthy food, juices, sandwich",,
New Prakash Hotel,banashankari,south indian,,
Gawdaru Mane Beriyani,banashankari,"south indian, biryani",,
Kings Court Daba,banashankari,"chinese, north indian",,
MM Tiffen Center,banashankari,"south indian, fast food",,
Sri Raghavendra Prasanna Coffee Beans Club,banashankari,south indian,,
Sri Balaji Tiffin Centre,banashankari,"south indian, chinese",,
New Indraprasta,banashankari,"south indian, beverages",,
Sree Sagar,banashankari,south indian,,
VEGeatz,banashankari,"south indian, north indian",,
Grand Food,banashankari,"south indian, bakery, chinese",,
Matru Sagar,banashankari,"south indian, north indian, chinese",,
Kavali,banashankari,"south indian, street food",,
Bitez,banashankari,fast food,,
Bunt's Biriyani Palace,banashankari,"north indian, south indian, chinese, biryani, seafood",,
Funjabi Curries,banashankari,north indian,,
Udupi Upahar,banashankari,"south indian, chinese, north indian, juices",,
Ranganna Military Hotel,jayanagar,"south indian, biryani",,
Roti Ghar,basavanagudi,"north indian, chinese, south indian",,
Grand Village,basavanagudi,"north indian, rajasthani",,
Vidyarthi Bhavan,basavanagudi,south indian,,
Bharjari Oota,basavanagudi,south indian,,
Gokul Veg,basavanagudi,"north indian, chinese, beverages",,
SLV Corner Restaurant,basavanagudi,"south indian, chinese, north indian, street food, rolls, juices",,
Timepass Dinner,basavanagudi,north indian,,
Baisakhi,basavanagudi,north indian,,
Eat Repeat,basavanagudi,south indian,,
Sri Guru Kottureshwara Davangere Benne Dosa,basavanagudi,south indian,,
Bridgeway,mysore road,"north indian, chinese",,
Srinathji's Cafe,basavanagudi,"north indian, cafe, chinese, fast food",,
Soho Bar & Grill,basavanagudi,"north indian, chinese, thai",,
Kollapuri's,basavanagudi,"south indian, mangalorean",,
Aadhya Hotel,basavanagudi,"south indian, north indian, chinese, biryani",,
Bhavani Restaurant,basavanagudi,"south indian, north indian, chinese",,
Puliyogare Point,basavanagudi,south indian,,
Zephyr,basavanagudi,"italian, continental",,
Redberrys,basavanagudi,"cafe, italian",,
Hotel Dwarka,basavanagudi,south indian,,
Nisarga Garden Restaurant,basavanagudi,"south indian, chinese, desserts, beverages",,
Ma-Arya Family Restaurant,basavanagudi,"biryani, south indian, north indian, chinese, andhra",,
A2B - Adyar Ananda Bhavan,mysore road,"south indian, fast food, street food",,
Ragoo's,jayanagar,"italian, pizza, north indian, salad",,
Imperial Restaurant,mysore road,"north indian, chinese, biryani, beverages",,
New Prashanth Hotel,basavanagudi,south indian,,
Udupi Sri Krishna Bhavan,basavanagudi,south indian,,
Chinese Kitchen,basavanagudi,chinese,,
Vijayalakshmi,basavanagudi,south indian,,
Nammura Donne Biriyani,basavanagudi,"biryani, fast food",,
Curry Leaves,basavanagudi,"andhra, north indian, chinese",,
Goli Vada Pav No. 1,basavanagudi,street food,,
Ice Thunder,basavanagudi,"south indian, fast food, north indian, desserts",,
South Kitchen,basavanagudi,south indian,,
Upahara Darshini,basavanagudi,south indian,,
Mahalaxmi Tiffin Room,basavanagudi,south indian,,
Starlite Bakery & Fastfood,jayanagar,"north indian, chinese, rolls, bakery, arabian, charcoal chicken, desserts",,
Sandwichwallas,basavanagudi,fast food,,
J K Fish Land,jayanagar,"seafood, mangalorean",,
Udupi Grand,basavanagudi,"south indian, north indian, chinese",,
Chinese Square,basavanagudi,chinese,,
Castle Rock,uttarahalli,"north indian, chinese",,
Swadd Kitchen,basavanagudi,"north indian, fast food",,
Right Pizza,basavanagudi,pizza,,
Kamat Bugle Rock,basavanagudi,"south indian, fast food",,
Basavanagudi Mylari,basavanagudi,south indian,,
RS Shiv Sagar,basavanagudi,"north indian, chinese, south indian, fast food, juices",,
New Prashanth Hotel,basavanagudi,"south indian, biryani, chinese, north indian",,
Shrinidhi Military Hotel,basavanagudi,"north indian, mughlai",,
Dakshin Kitchen,basavanagudi,south indian,,
Pramukh Family Restaurant,basavanagudi,"north indian, chinese, mughlai",,
Chaatimes,basavanagudi,"street food, fast food",,
Vybhava,jayanagar,"south indian, north indian",,
Shree Venkateshwara North Karnataka Hotel,basavanagudi,south indian,,
Kadamba Classic,mysore road,south indian,,
Food Geek,basavanagudi,"sandwich, fast food, rolls",,
Rosewood International Hotel - Bar & Restaurant,mysore road,"north indian, south indian, andhra, chinese",,
Anand Sagar Inn,basavanagudi,"south indian, north indian, chinese",,
Sangam Military Hotel,jayanagar,south indian,,
Kholi Mane,basavanagudi,"andhra, south indian, biryani, north indian",,
Harshi Super Sandwich,basavanagudi,"fast food, street food",,
Hotel Pork Paradise,mysore road,south indian,,
Pallavi Bar & Restaurant,mysore road,"north indian, south indian, chinese",,
Belly Squad Food Truck,south bangalore,"chinese, rolls, biryani, momos",,
Tejas Bar and Restaurant,nagarbhavi,"chinese, south indian",,
Old Days North Indian Restaurant,basavanagudi,north indian,,
New Rajadhani Spicy,kumaraswamy layout,north indian,,
Matru Sagar,mysore road,"south indian, north indian",,
Sri Udupi Veg,jayanagar,south indian,,
50-50 EATING HOUSE,basavanagudi,"south indian, biryani",,
Aahar Cafe,basavanagudi,south indian,,
Om Shiva Shakthi Chats Centre,basavanagudi,"street food, fast food",,
Juice Junction Food Court,basavanagudi,"juices, south indian, chinese, fast food",,
Burger King,basavanagudi,"burger, fast food, beverages",,
Inchara Restaurant,basavanagudi,"north indian, chinese",,
Rolls Corner,basavanagudi,"fast food, rolls",,
Charisma's Matru Sagar,mysore road,"south indian, chinese",,
New Ambur Hot Dum Biryani,mysore road,biryani,,
Sticke2Waffles,basavanagudi,"south indian, fast food",,
Nimmoora Thindi,mysore road,"north indian, south indian",,
Oasis Food Center,basavanagudi,fast food,,
Godumana Moddha Hotel,mysore road,biryani,,
Akash Gowdru Biryani Center,uttarahalli,"north indian, chinese",,
New Sri Udupi Restaurant,jayanagar,"north indian, south indian, chinese, beverages, fast food",,
Shri Vinayaka Ice N Juice,basavanagudi,"beverages, fast food",,
Happy Chopsticks,basavanagudi,"chinese, fast food",,
Ambur Dum Biriyani,basavanagudi,biryani,,
Food Plaza,basavanagudi,"south indian, north indian, chinese",,
Jcubez,banashankari,finger food,,
Gustoes Beer House,banashankari,"continental, italian, mexican, north indian, chinese, steak",,
Blue Wings Bar & Restaurant,banashankari,"north indian, chinese",,
Vi Ra's Bar and Restaurant,banashankari,"south indian, north indian, chinese",,
K27 - The Pub,banashankari,"chinese, north indian",,
Linnet Bar & Restaurant,banashankari,"fast food, finger food",,
Darbar,banashankari,"north indian, chinese",,
Soho Bar & Grill,basavanagudi,"north indian, chinese, thai",,
Deja Vu Resto Bar,bannerghatta road,"north indian, italian",,
Fattoush,bannerghatta road,"arabian, biryani, chinese, middle eastern, fast food, north indian, mughlai, seafood",,
Empire Restaurant,bannerghatta road,"north indian, mughlai, south indian, chinese",,
Abhiruchi Hotel,bannerghatta road,"andhra, biryani, north indian, chinese",,
Tulips,bannerghatta road,"north indian, south indian, chinese, continental",,
Barbeque Nation,jp nagar,"north indian, european, mediterranean, bbq, kebab",,
Sattvam,jp nagar,"north indian, south indian",,
24th Main,jp nagar,"north indian, south indian, chinese",,
Zaitoon,jp nagar,"bbq, arabian, chinese, north indian, desserts",,
Mango Greens,jp nagar,"north indian, continental, chinese",,
Oye Amritsar,jp nagar,north indian,,
Melt - Eden Park,jp nagar,"north indian, chinese, thai, mughlai, seafood",,
Crave Bit Cafe,jp nagar,cafe,,
Spice Code,jp nagar,"south indian, north indian, chinese, biryani",,
The Onyx - The HHI Select Bengaluru,jp nagar,"north indian, chinese, continental",,
The Pavillion,jp nagar,"north indian, continental, south indian, chinese",,
Sankranthi Veg Restaurant,btm,"south indian, north indian, chinese",,
Tisano Cafe,bannerghatta road,"cafe, fast food, chinese, continental",,
Cafe Kabana,bannerghatta road,"cafe, continental",,
Butterly,bannerghatta road,"cafe, bakery, beverages",,
Cafe Conico,bannerghatta road,"cafe, beverages",,
Black Mug Cafe,bannerghatta road,cafe,,
#refuel,bannerghatta road,"cafe, beverages",,
WAFL,bannerghatta road,"cafe, fast food, desserts, beverages",,
Vaho Kafe & Pressery,bannerghatta road,"cafe, healthy food, asian, italian, north indian, biryani, juices",,
Dreamcatcher,bannerghatta road,cafe,,
Cafe Coffee Day,bannerghatta road,"cafe, fast food",,
Cafe Arabica,bannerghatta road,"cafe, bakery",,
Starbucks,bannerghatta road,"cafe, desserts",,
Smoor,bannerghatta road,"desserts, cafe, beverages",,
Kalmane Koffees,bannerghatta road,cafe,,
Shee-Sha Cafe,bannerghatta road,"cafe, north indian, chinese, continental",,
Brews N Bites,bannerghatta road,"chinese, fast food, cafe, street food, finger food",,
D2V Cafe,bannerghatta road,cafe,,
Wellness Cafe,bannerghatta road,"cafe, healthy food",,
Cafe Talk,bannerghatta road,"cafe, continental, north indian, bakery, desserts",,
Cafe Choco Craze,bannerghatta road,"cafe, fast food, desserts",,
Healthy Smoothie,bannerghatta road,"american, bakery, beverages, cafe, healthy food, juices, north indian, sandwich",,
Me N U,bannerghatta road,"finger food, wraps, cafe, continental, healthy food",,
Slate Cafe,jp nagar,"cafe, sandwich, burger",,
Dialogues,jp nagar,"cafe, continental",,
Cafe Zuppa,jp nagar,"cafe, pizza, fast food",,
Mudpipe Cafe,jp nagar,"cafe, continental, north indian",,
Crave Bit Cafe,jp nagar,cafe,,
TAB - Take A Break,jp nagar,"cafe, continental, italian",,
Biggies Burger 'n' More,jp nagar,"cafe, burger, beverages",,
Onesta,jp nagar,"pizza, cafe, italian",,
Cafe Potpourri,jp nagar,"cafe, sandwich, north indian, beverages, desserts",,
De Oxford Cafe,jp nagar,"cafe, beverages, fast food",,
Vinaya Coffee Moments,jp nagar,"burger, cafe, desserts, sandwich, italian",,
Brew Point,jp nagar,"cafe, american, burger, sandwich, fast food",,
The Cravery,jp nagar,"continental, burger, beverages, cafe, italian, rolls",,
Cuppa,jp nagar,"cafe, fast food",,
Anju's Cafe,jp nagar,"cafe, north indian",,
Furry Fairy Paw Paradise,jp nagar,cafe,,
Junkealth,jp nagar,"healthy food, beverages, cafe",,
Skytouch Le Cafe,jp nagar,"cafe, italian, desserts",,
Woodee Pizza,jp nagar,"cafe, pizza, fast food, beverages",,
Hearts Unlock Cafe,btm,"cafe, healthy food",,
eat.fit,btm,"healthy food, north indian, biryani, continental, sandwich, desserts",,
Sai Abhiruchi,btm,"andhra, north indian, biryani",,
Capsicum Family Restaurant,btm,"biryani, north indian",,
Box Magic,bannerghatta road,"north indian, south indian, seafood, rolls",,
Maa'r Rannaghor,jp nagar,"bengali, chinese",,
Easy Bites,jp nagar,"fast food, sandwich",,
Hiyar Majhe Kolkata,btm,"bengali, north indian",,
Dabba Gosht,jp nagar,"arabian, middle eastern",,
Empire Restaurant,jp nagar,"kerala, seafood, south indian, chinese, north indian, charcoal chicken, beverages",,
Punjabites,jp nagar,"north indian, charcoal chicken",,
Sri Lakshmi Dhaba,btm,north indian,,
XO Belgian Waffle,btm,"desserts, beverages",,
Swadista Aahar,btm,"south indian, north indian, chinese, street food",,
Vegetarea,btm,south indian,,
Al-Bek,jp nagar,"biryani, north indian, charcoal chicken, chinese, seafood, rolls",,
Aniram's,jp nagar,"chinese, north indian",,
Punjabi Nawabi,bannerghatta road,north indian,,
YummRajj,btm,fast food,,
Swad Punjab Da,btm,north indian,,
BOX8- Desi Meals,bannerghatta road,"north indian, mughlai, fast food",,
Roti Wala,btm,north indian,,
Midnight Mania,btm,"pizza, italian, beverages",,
Kitchens@JP Nagar,jp nagar,"biryani, kerala, mughlai, street food, north indian, chinese, south indian, andhra",,
Krishna Kuteera,bannerghatta road,"south indian, north indian, chinese",,
Apna Punjab,btm,"north indian, chinese, fast food",,
Paratha Junction,btm,"north indian, chinese",,
Nellore Bhojanam,bannerghatta road,andhra,,
Momoz,btm,"chinese, momos",,
Kalingas,btm,"oriya, fast food",,
Kanteen The Eatery,bannerghatta road,north indian,,
Kullad Cafe,btm,"north indian, cafe, fast food, beverages",,
Donne Biriyani House,jp nagar,"biryani, andhra",,
Litti Twist,btm,"north indian, bihari",,
FreshMenu,bannerghatta road,"healthy food, chinese, biryani, north indian, continental, salad, american, burger",,
Shanthi Sagar,jp nagar,"south indian, north indian, chinese",,
Cakebuy,bannerghatta road,desserts,,
Five Star Chicken,jp nagar,"burger, fast food, roast chicken, finger food",,
Poha House,btm,maharashtrian,,
Bathinda Tandoor,btm,north indian,,
Corner House Ice Cream,jayanagar,"ice cream, desserts",,
Delight Food,btm,"andhra, chinese, biryani",,
Andhra Kitchen,bannerghatta road,"andhra, biryani",,
Veg By Nature,jp nagar,north indian,,
Fattoush,bannerghatta road,"arabian, biryani, chinese, middle eastern, fast food, north indian, mughlai, seafood",,
Chicken Magic,btm,"chinese, north indian",,
Behrouz Biryani,bannerghatta road,biryani,,
Abhiruchi Hotel,bannerghatta road,"andhra, biryani, north indian, chinese",,
Swathi Restaurant,jp nagar,"andhra, north indian, chinese",,
Fresh Kitchen,bannerghatta road,"north indian, chinese",,
Hind Ka Chulah,bannerghatta road,"north indian, biryani",,
Kuttanad,bannerghatta road,"kerala, south indian",,
New Mahesh Friends Food Corner,btm,"north indian, chinese",,
Bohra Bohra CafÃÂÃÂÃÂÃÂÃÂÃÂÃÂÃÂ©,jp nagar,bohri,,
Pizza Hut,jp nagar,pizza,,
Shree Krishna Sannidhi,bannerghatta road,"north indian, chinese",,
BingeJoy!,jp nagar,"biryani, chinese, fast food",,
Shiv Sai Hotel,bannerghatta road,north indian,,
MRA,btm,bakery,,
Beijing Bites,jp nagar,"chinese, thai, momos",,
A2B - Adyar Ananda Bhavan,jp nagar,"south indian, north indian, chinese, street food",,
Burj Hotel,bannerghatta road,"north indian, chinese",,
Shaadi Ki Biryani,btm,"biryani, north indian, mughlai",,
Subway,bannerghatta road,"salad, fast food",,
Madeena Hotel,bannerghatta road,"north indian, mughlai, biryani",,
Biryani Durbar,bannerghatta road,"biryani, north indian",,
Adyar Ananda Bhavan Sweets,jp nagar,"mithai, desserts",,
The Good Bowl,bannerghatta road,"italian, north indian, biryani",,
Mahesh Friends Food Center,btm,"chinese, north indian",,
Juice Shop,jp nagar,"juices, beverages, ice cream",,
Kabab Magic,jayanagar,"north indian, kebab, chinese, fast food",,
Nammura Donne Biriyani,kanakapura road,"biryani, fast food",,
Burger King,bannerghatta road,"burger, fast food, beverages",,
Dadi's Dum Biryani,bannerghatta road,"biryani, north indian, mughlai",,
Krishna Kuteera South,bannerghatta road,"south indian, north indian, chinese",,
Alankrutha,btm,"andhra, biryani, north indian, chinese",,
Paradise,jp nagar,"biryani, north indian, kebab",,
Kabab Mehal,jp nagar,"kebab, north indian, fast food, beverages",,
Mughlai Kitchen,btm,"mughlai, north indian, chinese, momos",,
